"","lon","lat"
"1",-73.5,-8
"2",-73.5,-7.5
"3",-73.5,-7
"4",-73,-8.5
"5",-73,-8
"6",-73,-7.5
"7",-73,-7
"8",-73,-6.5
"9",-73,-6
"10",-72.5,-9
"11",-72.5,-8.5
"12",-72.5,-8
"13",-72.5,-7.5
"14",-72.5,-7
"15",-72.5,-6.5
"16",-72.5,-6
"17",-72.5,-5.5
"18",-72.5,-5
"19",-72,-10
"20",-72,-9.5
"21",-72,-9
"22",-72,-8.5
"23",-72,-8
"24",-72,-7.5
"25",-72,-7
"26",-72,-6.5
"27",-72,-6
"28",-72,-5.5
"29",-72,-5
"30",-71.5,-10
"31",-71.5,-9.5
"32",-71.5,-9
"33",-71.5,-8.5
"34",-71.5,-8
"35",-71.5,-7.5
"36",-71.5,-7
"37",-71.5,-6.5
"38",-71.5,-6
"39",-71.5,-5.5
"40",-71.5,-5
"41",-71.5,-4.5
"42",-71,-9.5
"43",-71,-9
"44",-71,-8.5
"45",-71,-8
"46",-71,-7.5
"47",-71,-7
"48",-71,-6.5
"49",-71,-6
"50",-71,-5.5
"51",-71,-5
"52",-71,-4.5
"53",-70.5,-10.5
"54",-70.5,-10
"55",-70.5,-9.5
"56",-70.5,-9
"57",-70.5,-8.5
"58",-70.5,-8
"59",-70.5,-7.5
"60",-70.5,-7
"61",-70.5,-6.5
"62",-70.5,-6
"63",-70.5,-5.5
"64",-70.5,-5
"65",-70.5,-4.5
"66",-70,-10.5
"67",-70,-10
"68",-70,-9.5
"69",-70,-9
"70",-70,-8.5
"71",-70,-8
"72",-70,-7.5
"73",-70,-7
"74",-70,-6.5
"75",-70,-6
"76",-70,-5.5
"77",-70,-5
"78",-70,-4.5
"79",-70,0
"80",-70,0.5
"81",-69.5,-10.5
"82",-69.5,-10
"83",-69.5,-9.5
"84",-69.5,-9
"85",-69.5,-8.5
"86",-69.5,-8
"87",-69.5,-7.5
"88",-69.5,-7
"89",-69.5,-6.5
"90",-69.5,-6
"91",-69.5,-5.5
"92",-69.5,-5
"93",-69.5,-4.5
"94",-69.5,-4
"95",-69.5,-3.5
"96",-69.5,-3
"97",-69.5,-2.5
"98",-69.5,-2
"99",-69.5,-0.5
"100",-69.5,0
"101",-69.5,0.5
"102",-69.5,1.5
"103",-69,-11
"104",-69,-10.5
"105",-69,-10
"106",-69,-9.5
"107",-69,-9
"108",-69,-8.5
"109",-69,-8
"110",-69,-7.5
"111",-69,-7
"112",-69,-6.5
"113",-69,-6
"114",-69,-5.5
"115",-69,-5
"116",-69,-4.5
"117",-69,-4
"118",-69,-3.5
"119",-69,-3
"120",-69,-2.5
"121",-69,-2
"122",-69,-1.5
"123",-69,-1
"124",-69,-0.5
"125",-69,0
"126",-69,0.5
"127",-69,1
"128",-69,1.5
"129",-68.5,-11
"130",-68.5,-10.5
"131",-68.5,-10
"132",-68.5,-9.5
"133",-68.5,-9
"134",-68.5,-8.5
"135",-68.5,-8
"136",-68.5,-7.5
"137",-68.5,-7
"138",-68.5,-6.5
"139",-68.5,-6
"140",-68.5,-5.5
"141",-68.5,-5
"142",-68.5,-4.5
"143",-68.5,-4
"144",-68.5,-3.5
"145",-68.5,-3
"146",-68.5,-2.5
"147",-68.5,-2
"148",-68.5,-1.5
"149",-68.5,-1
"150",-68.5,-0.5
"151",-68.5,0
"152",-68.5,0.5
"153",-68.5,1
"154",-68.5,1.5
"155",-68,-10.5
"156",-68,-10
"157",-68,-9.5
"158",-68,-9
"159",-68,-8.5
"160",-68,-8
"161",-68,-7.5
"162",-68,-7
"163",-68,-6.5
"164",-68,-6
"165",-68,-5.5
"166",-68,-5
"167",-68,-4.5
"168",-68,-4
"169",-68,-3.5
"170",-68,-3
"171",-68,-2.5
"172",-68,-2
"173",-68,-1.5
"174",-68,-1
"175",-68,-0.5
"176",-68,0
"177",-68,0.5
"178",-68,1
"179",-68,1.5
"180",-67.5,-10
"181",-67.5,-9.5
"182",-67.5,-9
"183",-67.5,-8.5
"184",-67.5,-8
"185",-67.5,-7.5
"186",-67.5,-7
"187",-67.5,-6.5
"188",-67.5,-6
"189",-67.5,-5.5
"190",-67.5,-5
"191",-67.5,-4.5
"192",-67.5,-4
"193",-67.5,-3.5
"194",-67.5,-3
"195",-67.5,-2.5
"196",-67.5,-2
"197",-67.5,-1.5
"198",-67.5,-1
"199",-67.5,-0.5
"200",-67.5,0
"201",-67.5,0.5
"202",-67.5,1
"203",-67.5,1.5
"204",-67.5,2
"205",-67,-10
"206",-67,-9.5
"207",-67,-9
"208",-67,-8.5
"209",-67,-8
"210",-67,-7.5
"211",-67,-7
"212",-67,-6.5
"213",-67,-6
"214",-67,-5.5
"215",-67,-5
"216",-67,-4.5
"217",-67,-4
"218",-67,-3.5
"219",-67,-3
"220",-67,-2.5
"221",-67,-2
"222",-67,-1.5
"223",-67,-1
"224",-67,-0.5
"225",-67,0
"226",-67,0.5
"227",-67,1
"228",-66.5,-9.5
"229",-66.5,-9
"230",-66.5,-8.5
"231",-66.5,-8
"232",-66.5,-7.5
"233",-66.5,-7
"234",-66.5,-6.5
"235",-66.5,-6
"236",-66.5,-5.5
"237",-66.5,-5
"238",-66.5,-4.5
"239",-66.5,-4
"240",-66.5,-3.5
"241",-66.5,-3
"242",-66.5,-2.5
"243",-66.5,-2
"244",-66.5,-1.5
"245",-66.5,-1
"246",-66.5,-0.5
"247",-66.5,0
"248",-66.5,0.5
"249",-66,-9.5
"250",-66,-9
"251",-66,-8.5
"252",-66,-8
"253",-66,-7.5
"254",-66,-7
"255",-66,-6.5
"256",-66,-6
"257",-66,-5.5
"258",-66,-5
"259",-66,-4.5
"260",-66,-4
"261",-66,-3.5
"262",-66,-3
"263",-66,-2.5
"264",-66,-2
"265",-66,-1.5
"266",-66,-1
"267",-66,-0.5
"268",-66,0
"269",-66,0.5
"270",-65.5,-9.5
"271",-65.5,-9
"272",-65.5,-8.5
"273",-65.5,-8
"274",-65.5,-7.5
"275",-65.5,-7
"276",-65.5,-6.5
"277",-65.5,-6
"278",-65.5,-5.5
"279",-65.5,-5
"280",-65.5,-4.5
"281",-65.5,-4
"282",-65.5,-3.5
"283",-65.5,-3
"284",-65.5,-2.5
"285",-65.5,-2
"286",-65.5,-1.5
"287",-65.5,-1
"288",-65.5,-0.5
"289",-65.5,0
"290",-65.5,0.5
"291",-65,-11.5
"292",-65,-11
"293",-65,-10.5
"294",-65,-10
"295",-65,-9.5
"296",-65,-9
"297",-65,-8.5
"298",-65,-8
"299",-65,-7.5
"300",-65,-7
"301",-65,-6.5
"302",-65,-6
"303",-65,-5.5
"304",-65,-5
"305",-65,-4.5
"306",-65,-4
"307",-65,-3.5
"308",-65,-3
"309",-65,-2.5
"310",-65,-2
"311",-65,-1.5
"312",-65,-1
"313",-65,-0.5
"314",-65,0
"315",-65,0.5
"316",-65,1
"317",-64.5,-12
"318",-64.5,-11.5
"319",-64.5,-11
"320",-64.5,-10.5
"321",-64.5,-10
"322",-64.5,-9.5
"323",-64.5,-9
"324",-64.5,-8.5
"325",-64.5,-8
"326",-64.5,-7.5
"327",-64.5,-7
"328",-64.5,-6.5
"329",-64.5,-6
"330",-64.5,-5.5
"331",-64.5,-5
"332",-64.5,-4.5
"333",-64.5,-4
"334",-64.5,-3.5
"335",-64.5,-3
"336",-64.5,-2.5
"337",-64.5,-2
"338",-64.5,-1.5
"339",-64.5,-1
"340",-64.5,-0.5
"341",-64.5,0
"342",-64.5,0.5
"343",-64.5,1
"344",-64.5,4
"345",-64,-12.5
"346",-64,-12
"347",-64,-11.5
"348",-64,-11
"349",-64,-10.5
"350",-64,-10
"351",-64,-9.5
"352",-64,-9
"353",-64,-8.5
"354",-64,-8
"355",-64,-7.5
"356",-64,-7
"357",-64,-6.5
"358",-64,-6
"359",-64,-5.5
"360",-64,-5
"361",-64,-4.5
"362",-64,-4
"363",-64,-3.5
"364",-64,-3
"365",-64,-2.5
"366",-64,-2
"367",-64,-1.5
"368",-64,-1
"369",-64,-0.5
"370",-64,0
"371",-64,0.5
"372",-64,1
"373",-64,1.5
"374",-64,2.5
"375",-64,3
"376",-64,3.5
"377",-63.5,-12.5
"378",-63.5,-12
"379",-63.5,-11.5
"380",-63.5,-11
"381",-63.5,-10.5
"382",-63.5,-10
"383",-63.5,-9.5
"384",-63.5,-9
"385",-63.5,-8.5
"386",-63.5,-8
"387",-63.5,-7.5
"388",-63.5,-7
"389",-63.5,-6.5
"390",-63.5,-6
"391",-63.5,-5.5
"392",-63.5,-5
"393",-63.5,-4.5
"394",-63.5,-4
"395",-63.5,-3.5
"396",-63.5,-3
"397",-63.5,-2.5
"398",-63.5,-2
"399",-63.5,-1.5
"400",-63.5,-1
"401",-63.5,-0.5
"402",-63.5,0
"403",-63.5,0.5
"404",-63.5,1
"405",-63.5,1.5
"406",-63.5,2
"407",-63.5,2.5
"408",-63.5,3
"409",-63.5,3.5
"410",-63,-12.5
"411",-63,-12
"412",-63,-11.5
"413",-63,-11
"414",-63,-10.5
"415",-63,-10
"416",-63,-9.5
"417",-63,-9
"418",-63,-8.5
"419",-63,-8
"420",-63,-7.5
"421",-63,-7
"422",-63,-6.5
"423",-63,-6
"424",-63,-5.5
"425",-63,-5
"426",-63,-4.5
"427",-63,-4
"428",-63,-3.5
"429",-63,-3
"430",-63,-2.5
"431",-63,-2
"432",-63,-1.5
"433",-63,-1
"434",-63,-0.5
"435",-63,0
"436",-63,0.5
"437",-63,1
"438",-63,1.5
"439",-63,2
"440",-63,2.5
"441",-63,3
"442",-63,3.5
"443",-62.5,-13
"444",-62.5,-12.5
"445",-62.5,-12
"446",-62.5,-11.5
"447",-62.5,-11
"448",-62.5,-10.5
"449",-62.5,-10
"450",-62.5,-9.5
"451",-62.5,-9
"452",-62.5,-8.5
"453",-62.5,-8
"454",-62.5,-7.5
"455",-62.5,-7
"456",-62.5,-6.5
"457",-62.5,-6
"458",-62.5,-5.5
"459",-62.5,-5
"460",-62.5,-4.5
"461",-62.5,-4
"462",-62.5,-3.5
"463",-62.5,-3
"464",-62.5,-2.5
"465",-62.5,-2
"466",-62.5,-1.5
"467",-62.5,-1
"468",-62.5,-0.5
"469",-62.5,0
"470",-62.5,0.5
"471",-62.5,1
"472",-62.5,1.5
"473",-62.5,2
"474",-62.5,2.5
"475",-62.5,3
"476",-62.5,3.5
"477",-62.5,4
"478",-62,-13
"479",-62,-12.5
"480",-62,-12
"481",-62,-11.5
"482",-62,-11
"483",-62,-10.5
"484",-62,-10
"485",-62,-9.5
"486",-62,-9
"487",-62,-8.5
"488",-62,-8
"489",-62,-7.5
"490",-62,-7
"491",-62,-6.5
"492",-62,-6
"493",-62,-5.5
"494",-62,-5
"495",-62,-4.5
"496",-62,-4
"497",-62,-3.5
"498",-62,-3
"499",-62,-2.5
"500",-62,-2
"501",-62,-1.5
"502",-62,-1
"503",-62,-0.5
"504",-62,0
"505",-62,0.5
"506",-62,1
"507",-62,1.5
"508",-62,2
"509",-62,2.5
"510",-62,3
"511",-62,3.5
"512",-62,4
"513",-61.5,-13.5
"514",-61.5,-13
"515",-61.5,-12.5
"516",-61.5,-12
"517",-61.5,-11.5
"518",-61.5,-11
"519",-61.5,-10.5
"520",-61.5,-10
"521",-61.5,-9.5
"522",-61.5,-9
"523",-61.5,-8.5
"524",-61.5,-8
"525",-61.5,-7.5
"526",-61.5,-7
"527",-61.5,-6.5
"528",-61.5,-6
"529",-61.5,-5.5
"530",-61.5,-5
"531",-61.5,-4.5
"532",-61.5,-4
"533",-61.5,-3.5
"534",-61.5,-3
"535",-61.5,-2.5
"536",-61.5,-2
"537",-61.5,-1.5
"538",-61.5,-1
"539",-61.5,-0.5
"540",-61.5,0
"541",-61.5,0.5
"542",-61.5,1
"543",-61.5,1.5
"544",-61.5,2
"545",-61.5,2.5
"546",-61.5,3
"547",-61.5,3.5
"548",-61.5,4
"549",-61,-13
"550",-61,-12.5
"551",-61,-12
"552",-61,-11.5
"553",-61,-11
"554",-61,-10.5
"555",-61,-10
"556",-61,-9.5
"557",-61,-9
"558",-61,-8.5
"559",-61,-8
"560",-61,-7.5
"561",-61,-7
"562",-61,-6.5
"563",-61,-6
"564",-61,-5.5
"565",-61,-5
"566",-61,-4.5
"567",-61,-4
"568",-61,-3.5
"569",-61,-3
"570",-61,-2.5
"571",-61,-2
"572",-61,-1.5
"573",-61,-1
"574",-61,-0.5
"575",-61,0
"576",-61,0.5
"577",-61,1
"578",-61,1.5
"579",-61,2
"580",-61,2.5
"581",-61,3
"582",-61,3.5
"583",-61,4
"584",-61,4.5
"585",-60.5,-13.5
"586",-60.5,-13
"587",-60.5,-12.5
"588",-60.5,-12
"589",-60.5,-11.5
"590",-60.5,-11
"591",-60.5,-10.5
"592",-60.5,-10
"593",-60.5,-9.5
"594",-60.5,-9
"595",-60.5,-8.5
"596",-60.5,-8
"597",-60.5,-7.5
"598",-60.5,-7
"599",-60.5,-6.5
"600",-60.5,-6
"601",-60.5,-5.5
"602",-60.5,-5
"603",-60.5,-4.5
"604",-60.5,-4
"605",-60.5,-3.5
"606",-60.5,-3
"607",-60.5,-2.5
"608",-60.5,-2
"609",-60.5,-1.5
"610",-60.5,-1
"611",-60.5,-0.5
"612",-60.5,0
"613",-60.5,0.5
"614",-60.5,1
"615",-60.5,1.5
"616",-60.5,2
"617",-60.5,2.5
"618",-60.5,3
"619",-60.5,3.5
"620",-60.5,4
"621",-60.5,4.5
"622",-60.5,5
"623",-60,-16
"624",-60,-15.5
"625",-60,-15
"626",-60,-14.5
"627",-60,-14
"628",-60,-13.5
"629",-60,-13
"630",-60,-12.5
"631",-60,-12
"632",-60,-11.5
"633",-60,-11
"634",-60,-10.5
"635",-60,-10
"636",-60,-9.5
"637",-60,-9
"638",-60,-8.5
"639",-60,-8
"640",-60,-7.5
"641",-60,-7
"642",-60,-6.5
"643",-60,-6
"644",-60,-5.5
"645",-60,-5
"646",-60,-4.5
"647",-60,-4
"648",-60,-3.5
"649",-60,-3
"650",-60,-2.5
"651",-60,-2
"652",-60,-1.5
"653",-60,-1
"654",-60,-0.5
"655",-60,0
"656",-60,0.5
"657",-60,1
"658",-60,1.5
"659",-60,2
"660",-60,2.5
"661",-60,3
"662",-60,3.5
"663",-60,4
"664",-60,5
"665",-59.5,-16
"666",-59.5,-15.5
"667",-59.5,-15
"668",-59.5,-14.5
"669",-59.5,-14
"670",-59.5,-13.5
"671",-59.5,-13
"672",-59.5,-12.5
"673",-59.5,-12
"674",-59.5,-11.5
"675",-59.5,-11
"676",-59.5,-10.5
"677",-59.5,-10
"678",-59.5,-9.5
"679",-59.5,-9
"680",-59.5,-8.5
"681",-59.5,-8
"682",-59.5,-7.5
"683",-59.5,-7
"684",-59.5,-6.5
"685",-59.5,-6
"686",-59.5,-5.5
"687",-59.5,-5
"688",-59.5,-4.5
"689",-59.5,-4
"690",-59.5,-3.5
"691",-59.5,-3
"692",-59.5,-2.5
"693",-59.5,-2
"694",-59.5,-1.5
"695",-59.5,-1
"696",-59.5,-0.5
"697",-59.5,0
"698",-59.5,0.5
"699",-59.5,1
"700",-59.5,1.5
"701",-59,-16
"702",-59,-15.5
"703",-59,-15
"704",-59,-14.5
"705",-59,-14
"706",-59,-13.5
"707",-59,-13
"708",-59,-12.5
"709",-59,-12
"710",-59,-11.5
"711",-59,-11
"712",-59,-10.5
"713",-59,-10
"714",-59,-9.5
"715",-59,-9
"716",-59,-8.5
"717",-59,-8
"718",-59,-7.5
"719",-59,-7
"720",-59,-6.5
"721",-59,-6
"722",-59,-5.5
"723",-59,-5
"724",-59,-4.5
"725",-59,-4
"726",-59,-3.5
"727",-59,-3
"728",-59,-2.5
"729",-59,-2
"730",-59,-1.5
"731",-59,-1
"732",-59,-0.5
"733",-59,0
"734",-59,0.5
"735",-59,1
"736",-58.5,-16
"737",-58.5,-15.5
"738",-58.5,-15
"739",-58.5,-14.5
"740",-58.5,-14
"741",-58.5,-13.5
"742",-58.5,-13
"743",-58.5,-12.5
"744",-58.5,-12
"745",-58.5,-11.5
"746",-58.5,-11
"747",-58.5,-10.5
"748",-58.5,-10
"749",-58.5,-9.5
"750",-58.5,-9
"751",-58.5,-8.5
"752",-58.5,-8
"753",-58.5,-7.5
"754",-58.5,-7
"755",-58.5,-6.5
"756",-58.5,-6
"757",-58.5,-5.5
"758",-58.5,-5
"759",-58.5,-4.5
"760",-58.5,-4
"761",-58.5,-3.5
"762",-58.5,-3
"763",-58.5,-2.5
"764",-58.5,-2
"765",-58.5,-1.5
"766",-58.5,-1
"767",-58.5,-0.5
"768",-58.5,0
"769",-58.5,0.5
"770",-58.5,1
"771",-58,-20.5
"772",-58,-19.5
"773",-58,-17.5
"774",-58,-17
"775",-58,-16.5
"776",-58,-16
"777",-58,-15.5
"778",-58,-15
"779",-58,-14.5
"780",-58,-14
"781",-58,-13.5
"782",-58,-13
"783",-58,-12.5
"784",-58,-12
"785",-58,-11.5
"786",-58,-11
"787",-58,-10.5
"788",-58,-10
"789",-58,-9.5
"790",-58,-9
"791",-58,-8.5
"792",-58,-8
"793",-58,-7.5
"794",-58,-7
"795",-58,-6.5
"796",-58,-6
"797",-58,-5.5
"798",-58,-5
"799",-58,-4.5
"800",-58,-4
"801",-58,-3.5
"802",-58,-3
"803",-58,-2.5
"804",-58,-2
"805",-58,-1.5
"806",-58,-1
"807",-58,-0.5
"808",-58,0
"809",-58,0.5
"810",-58,1
"811",-58,1.5
"812",-57.5,-22
"813",-57.5,-21.5
"814",-57.5,-21
"815",-57.5,-20.5
"816",-57.5,-20
"817",-57.5,-19.5
"818",-57.5,-19
"819",-57.5,-18.5
"820",-57.5,-18
"821",-57.5,-17.5
"822",-57.5,-17
"823",-57.5,-16.5
"824",-57.5,-16
"825",-57.5,-15.5
"826",-57.5,-15
"827",-57.5,-14.5
"828",-57.5,-14
"829",-57.5,-13.5
"830",-57.5,-13
"831",-57.5,-12.5
"832",-57.5,-12
"833",-57.5,-11.5
"834",-57.5,-11
"835",-57.5,-10.5
"836",-57.5,-10
"837",-57.5,-9.5
"838",-57.5,-9
"839",-57.5,-8.5
"840",-57.5,-8
"841",-57.5,-7.5
"842",-57.5,-7
"843",-57.5,-6.5
"844",-57.5,-6
"845",-57.5,-5.5
"846",-57.5,-5
"847",-57.5,-4.5
"848",-57.5,-4
"849",-57.5,-3.5
"850",-57.5,-3
"851",-57.5,-2.5
"852",-57.5,-2
"853",-57.5,-1.5
"854",-57.5,-1
"855",-57.5,-0.5
"856",-57.5,0
"857",-57.5,0.5
"858",-57.5,1
"859",-57.5,1.5
"860",-57,-30
"861",-57,-22
"862",-57,-21.5
"863",-57,-21
"864",-57,-20.5
"865",-57,-20
"866",-57,-19.5
"867",-57,-19
"868",-57,-18.5
"869",-57,-18
"870",-57,-17.5
"871",-57,-17
"872",-57,-16.5
"873",-57,-16
"874",-57,-15.5
"875",-57,-15
"876",-57,-14.5
"877",-57,-14
"878",-57,-13.5
"879",-57,-13
"880",-57,-12.5
"881",-57,-12
"882",-57,-11.5
"883",-57,-11
"884",-57,-10.5
"885",-57,-10
"886",-57,-9.5
"887",-57,-9
"888",-57,-8.5
"889",-57,-8
"890",-57,-7.5
"891",-57,-7
"892",-57,-6.5
"893",-57,-6
"894",-57,-5.5
"895",-57,-5
"896",-57,-4.5
"897",-57,-4
"898",-57,-3.5
"899",-57,-3
"900",-57,-2.5
"901",-57,-2
"902",-57,-1.5
"903",-57,-1
"904",-57,-0.5
"905",-57,0
"906",-57,0.5
"907",-57,1
"908",-57,1.5
"909",-56.5,-30
"910",-56.5,-29.5
"911",-56.5,-22
"912",-56.5,-21.5
"913",-56.5,-21
"914",-56.5,-20.5
"915",-56.5,-20
"916",-56.5,-19.5
"917",-56.5,-19
"918",-56.5,-18.5
"919",-56.5,-18
"920",-56.5,-17.5
"921",-56.5,-17
"922",-56.5,-16.5
"923",-56.5,-16
"924",-56.5,-15.5
"925",-56.5,-15
"926",-56.5,-14.5
"927",-56.5,-14
"928",-56.5,-13.5
"929",-56.5,-13
"930",-56.5,-12.5
"931",-56.5,-12
"932",-56.5,-11.5
"933",-56.5,-11
"934",-56.5,-10.5
"935",-56.5,-10
"936",-56.5,-9.5
"937",-56.5,-9
"938",-56.5,-8.5
"939",-56.5,-8
"940",-56.5,-7.5
"941",-56.5,-7
"942",-56.5,-6.5
"943",-56.5,-6
"944",-56.5,-5.5
"945",-56.5,-5
"946",-56.5,-4.5
"947",-56.5,-4
"948",-56.5,-3.5
"949",-56.5,-3
"950",-56.5,-2.5
"951",-56.5,-2
"952",-56.5,-1.5
"953",-56.5,-1
"954",-56.5,-0.5
"955",-56.5,0
"956",-56.5,0.5
"957",-56.5,1
"958",-56.5,1.5
"959",-56,-31
"960",-56,-30.5
"961",-56,-30
"962",-56,-29.5
"963",-56,-29
"964",-56,-22
"965",-56,-21.5
"966",-56,-21
"967",-56,-20.5
"968",-56,-20
"969",-56,-19.5
"970",-56,-19
"971",-56,-18.5
"972",-56,-18
"973",-56,-17.5
"974",-56,-17
"975",-56,-16.5
"976",-56,-16
"977",-56,-15.5
"978",-56,-15
"979",-56,-14.5
"980",-56,-14
"981",-56,-13.5
"982",-56,-13
"983",-56,-12.5
"984",-56,-12
"985",-56,-11.5
"986",-56,-11
"987",-56,-10.5
"988",-56,-10
"989",-56,-9.5
"990",-56,-9
"991",-56,-8.5
"992",-56,-8
"993",-56,-7.5
"994",-56,-7
"995",-56,-6.5
"996",-56,-6
"997",-56,-5.5
"998",-56,-5
"999",-56,-4.5
"1000",-56,-4
"1001",-56,-3.5
"1002",-56,-3
"1003",-56,-2.5
"1004",-56,-2
"1005",-56,-1.5
"1006",-56,-1
"1007",-56,-0.5
"1008",-56,0
"1009",-56,0.5
"1010",-56,1
"1011",-56,1.5
"1012",-55.5,-30.5
"1013",-55.5,-30
"1014",-55.5,-29.5
"1015",-55.5,-29
"1016",-55.5,-28.5
"1017",-55.5,-23.5
"1018",-55.5,-23
"1019",-55.5,-22.5
"1020",-55.5,-22
"1021",-55.5,-21.5
"1022",-55.5,-21
"1023",-55.5,-20.5
"1024",-55.5,-20
"1025",-55.5,-19.5
"1026",-55.5,-19
"1027",-55.5,-18.5
"1028",-55.5,-18
"1029",-55.5,-17.5
"1030",-55.5,-17
"1031",-55.5,-16.5
"1032",-55.5,-16
"1033",-55.5,-15.5
"1034",-55.5,-15
"1035",-55.5,-14.5
"1036",-55.5,-14
"1037",-55.5,-13.5
"1038",-55.5,-13
"1039",-55.5,-12.5
"1040",-55.5,-12
"1041",-55.5,-11.5
"1042",-55.5,-11
"1043",-55.5,-10.5
"1044",-55.5,-10
"1045",-55.5,-9.5
"1046",-55.5,-9
"1047",-55.5,-8.5
"1048",-55.5,-8
"1049",-55.5,-7.5
"1050",-55.5,-7
"1051",-55.5,-6.5
"1052",-55.5,-6
"1053",-55.5,-5.5
"1054",-55.5,-5
"1055",-55.5,-4.5
"1056",-55.5,-4
"1057",-55.5,-3.5
"1058",-55.5,-3
"1059",-55.5,-2.5
"1060",-55.5,-2
"1061",-55.5,-1.5
"1062",-55.5,-1
"1063",-55.5,-0.5
"1064",-55.5,0
"1065",-55.5,0.5
"1066",-55.5,1
"1067",-55.5,1.5
"1068",-55.5,2
"1069",-55,-31
"1070",-55,-30.5
"1071",-55,-30
"1072",-55,-29.5
"1073",-55,-29
"1074",-55,-28.5
"1075",-55,-28
"1076",-55,-23.5
"1077",-55,-23
"1078",-55,-22.5
"1079",-55,-22
"1080",-55,-21.5
"1081",-55,-21
"1082",-55,-20.5
"1083",-55,-20
"1084",-55,-19.5
"1085",-55,-19
"1086",-55,-18.5
"1087",-55,-18
"1088",-55,-17.5
"1089",-55,-17
"1090",-55,-16.5
"1091",-55,-16
"1092",-55,-15.5
"1093",-55,-15
"1094",-55,-14.5
"1095",-55,-14
"1096",-55,-13.5
"1097",-55,-13
"1098",-55,-12.5
"1099",-55,-12
"1100",-55,-11.5
"1101",-55,-11
"1102",-55,-10.5
"1103",-55,-10
"1104",-55,-9.5
"1105",-55,-9
"1106",-55,-8.5
"1107",-55,-8
"1108",-55,-7.5
"1109",-55,-7
"1110",-55,-6.5
"1111",-55,-6
"1112",-55,-5.5
"1113",-55,-5
"1114",-55,-4.5
"1115",-55,-4
"1116",-55,-3.5
"1117",-55,-3
"1118",-55,-2.5
"1119",-55,-2
"1120",-55,-1.5
"1121",-55,-1
"1122",-55,-0.5
"1123",-55,0
"1124",-55,0.5
"1125",-55,1
"1126",-55,1.5
"1127",-55,2
"1128",-55,2.5
"1129",-54.5,-31.5
"1130",-54.5,-31
"1131",-54.5,-30.5
"1132",-54.5,-30
"1133",-54.5,-29.5
"1134",-54.5,-29
"1135",-54.5,-28.5
"1136",-54.5,-28
"1137",-54.5,-27.5
"1138",-54.5,-25.5
"1139",-54.5,-23.5
"1140",-54.5,-23
"1141",-54.5,-22.5
"1142",-54.5,-22
"1143",-54.5,-21.5
"1144",-54.5,-21
"1145",-54.5,-20.5
"1146",-54.5,-20
"1147",-54.5,-19.5
"1148",-54.5,-19
"1149",-54.5,-18.5
"1150",-54.5,-18
"1151",-54.5,-17.5
"1152",-54.5,-17
"1153",-54.5,-16.5
"1154",-54.5,-16
"1155",-54.5,-15.5
"1156",-54.5,-15
"1157",-54.5,-14.5
"1158",-54.5,-14
"1159",-54.5,-13.5
"1160",-54.5,-13
"1161",-54.5,-12.5
"1162",-54.5,-12
"1163",-54.5,-11.5
"1164",-54.5,-11
"1165",-54.5,-10.5
"1166",-54.5,-10
"1167",-54.5,-9.5
"1168",-54.5,-9
"1169",-54.5,-8.5
"1170",-54.5,-8
"1171",-54.5,-7.5
"1172",-54.5,-7
"1173",-54.5,-6.5
"1174",-54.5,-6
"1175",-54.5,-5.5
"1176",-54.5,-5
"1177",-54.5,-4.5
"1178",-54.5,-4
"1179",-54.5,-3.5
"1180",-54.5,-3
"1181",-54.5,-2.5
"1182",-54.5,-2
"1183",-54.5,-1.5
"1184",-54.5,-1
"1185",-54.5,-0.5
"1186",-54.5,0
"1187",-54.5,0.5
"1188",-54.5,1
"1189",-54.5,1.5
"1190",-54.5,2
"1191",-54,-31.5
"1192",-54,-31
"1193",-54,-30.5
"1194",-54,-30
"1195",-54,-29.5
"1196",-54,-29
"1197",-54,-28.5
"1198",-54,-28
"1199",-54,-27.5
"1200",-54,-25.5
"1201",-54,-25
"1202",-54,-24.5
"1203",-54,-24
"1204",-54,-23.5
"1205",-54,-23
"1206",-54,-22.5
"1207",-54,-22
"1208",-54,-21.5
"1209",-54,-21
"1210",-54,-20.5
"1211",-54,-20
"1212",-54,-19.5
"1213",-54,-19
"1214",-54,-18.5
"1215",-54,-18
"1216",-54,-17.5
"1217",-54,-17
"1218",-54,-16.5
"1219",-54,-16
"1220",-54,-15.5
"1221",-54,-15
"1222",-54,-14.5
"1223",-54,-14
"1224",-54,-13.5
"1225",-54,-13
"1226",-54,-12.5
"1227",-54,-12
"1228",-54,-11.5
"1229",-54,-11
"1230",-54,-10.5
"1231",-54,-10
"1232",-54,-9.5
"1233",-54,-9
"1234",-54,-8.5
"1235",-54,-8
"1236",-54,-7.5
"1237",-54,-7
"1238",-54,-6.5
"1239",-54,-6
"1240",-54,-5.5
"1241",-54,-5
"1242",-54,-4.5
"1243",-54,-4
"1244",-54,-3.5
"1245",-54,-3
"1246",-54,-2.5
"1247",-54,-2
"1248",-54,-1.5
"1249",-54,-1
"1250",-54,-0.5
"1251",-54,0
"1252",-54,0.5
"1253",-54,1
"1254",-54,1.5
"1255",-54,2
"1256",-53.5,-32
"1257",-53.5,-31.5
"1258",-53.5,-31
"1259",-53.5,-30.5
"1260",-53.5,-30
"1261",-53.5,-29.5
"1262",-53.5,-29
"1263",-53.5,-28.5
"1264",-53.5,-28
"1265",-53.5,-27.5
"1266",-53.5,-27
"1267",-53.5,-26.5
"1268",-53.5,-26
"1269",-53.5,-25.5
"1270",-53.5,-25
"1271",-53.5,-24.5
"1272",-53.5,-24
"1273",-53.5,-23.5
"1274",-53.5,-23
"1275",-53.5,-22.5
"1276",-53.5,-22
"1277",-53.5,-21.5
"1278",-53.5,-21
"1279",-53.5,-20.5
"1280",-53.5,-20
"1281",-53.5,-19.5
"1282",-53.5,-19
"1283",-53.5,-18.5
"1284",-53.5,-18
"1285",-53.5,-17.5
"1286",-53.5,-17
"1287",-53.5,-16.5
"1288",-53.5,-16
"1289",-53.5,-15.5
"1290",-53.5,-15
"1291",-53.5,-14.5
"1292",-53.5,-14
"1293",-53.5,-13.5
"1294",-53.5,-13
"1295",-53.5,-12.5
"1296",-53.5,-12
"1297",-53.5,-11.5
"1298",-53.5,-11
"1299",-53.5,-10.5
"1300",-53.5,-10
"1301",-53.5,-9.5
"1302",-53.5,-9
"1303",-53.5,-8.5
"1304",-53.5,-8
"1305",-53.5,-7.5
"1306",-53.5,-7
"1307",-53.5,-6.5
"1308",-53.5,-6
"1309",-53.5,-5.5
"1310",-53.5,-5
"1311",-53.5,-4.5
"1312",-53.5,-4
"1313",-53.5,-3.5
"1314",-53.5,-3
"1315",-53.5,-2.5
"1316",-53.5,-2
"1317",-53.5,-1.5
"1318",-53.5,-1
"1319",-53.5,-0.5
"1320",-53.5,0
"1321",-53.5,0.5
"1322",-53.5,1
"1323",-53.5,1.5
"1324",-53.5,2
"1325",-53,-33
"1326",-53,-32.5
"1327",-53,-32
"1328",-53,-31.5
"1329",-53,-31
"1330",-53,-30.5
"1331",-53,-30
"1332",-53,-29.5
"1333",-53,-29
"1334",-53,-28.5
"1335",-53,-28
"1336",-53,-27.5
"1337",-53,-27
"1338",-53,-26.5
"1339",-53,-26
"1340",-53,-25.5
"1341",-53,-25
"1342",-53,-24.5
"1343",-53,-24
"1344",-53,-23.5
"1345",-53,-23
"1346",-53,-22.5
"1347",-53,-22
"1348",-53,-21.5
"1349",-53,-21
"1350",-53,-20.5
"1351",-53,-20
"1352",-53,-19.5
"1353",-53,-19
"1354",-53,-18.5
"1355",-53,-18
"1356",-53,-17.5
"1357",-53,-17
"1358",-53,-16.5
"1359",-53,-16
"1360",-53,-15.5
"1361",-53,-15
"1362",-53,-14.5
"1363",-53,-14
"1364",-53,-13.5
"1365",-53,-13
"1366",-53,-12.5
"1367",-53,-12
"1368",-53,-11.5
"1369",-53,-11
"1370",-53,-10.5
"1371",-53,-10
"1372",-53,-9.5
"1373",-53,-9
"1374",-53,-8.5
"1375",-53,-8
"1376",-53,-7.5
"1377",-53,-7
"1378",-53,-6.5
"1379",-53,-6
"1380",-53,-5.5
"1381",-53,-5
"1382",-53,-4.5
"1383",-53,-4
"1384",-53,-3.5
"1385",-53,-3
"1386",-53,-2.5
"1387",-53,-2
"1388",-53,-1.5
"1389",-53,-1
"1390",-53,-0.5
"1391",-53,0
"1392",-53,0.5
"1393",-53,1
"1394",-53,1.5
"1395",-53,2
"1396",-52.5,-32.5
"1397",-52.5,-32
"1398",-52.5,-31.5
"1399",-52.5,-31
"1400",-52.5,-30.5
"1401",-52.5,-30
"1402",-52.5,-29.5
"1403",-52.5,-29
"1404",-52.5,-28.5
"1405",-52.5,-28
"1406",-52.5,-27.5
"1407",-52.5,-27
"1408",-52.5,-26.5
"1409",-52.5,-26
"1410",-52.5,-25.5
"1411",-52.5,-25
"1412",-52.5,-24.5
"1413",-52.5,-24
"1414",-52.5,-23.5
"1415",-52.5,-23
"1416",-52.5,-22.5
"1417",-52.5,-22
"1418",-52.5,-21.5
"1419",-52.5,-21
"1420",-52.5,-20.5
"1421",-52.5,-20
"1422",-52.5,-19.5
"1423",-52.5,-19
"1424",-52.5,-18.5
"1425",-52.5,-18
"1426",-52.5,-17.5
"1427",-52.5,-17
"1428",-52.5,-16.5
"1429",-52.5,-16
"1430",-52.5,-15.5
"1431",-52.5,-15
"1432",-52.5,-14.5
"1433",-52.5,-14
"1434",-52.5,-13.5
"1435",-52.5,-13
"1436",-52.5,-12.5
"1437",-52.5,-12
"1438",-52.5,-11.5
"1439",-52.5,-11
"1440",-52.5,-10.5
"1441",-52.5,-10
"1442",-52.5,-9.5
"1443",-52.5,-9
"1444",-52.5,-8.5
"1445",-52.5,-8
"1446",-52.5,-7.5
"1447",-52.5,-7
"1448",-52.5,-6.5
"1449",-52.5,-6
"1450",-52.5,-5.5
"1451",-52.5,-5
"1452",-52.5,-4.5
"1453",-52.5,-4
"1454",-52.5,-3.5
"1455",-52.5,-3
"1456",-52.5,-2.5
"1457",-52.5,-2
"1458",-52.5,-1.5
"1459",-52.5,-1
"1460",-52.5,-0.5
"1461",-52.5,0
"1462",-52.5,0.5
"1463",-52.5,1
"1464",-52.5,1.5
"1465",-52.5,2
"1466",-52.5,2.5
"1467",-52,-32
"1468",-52,-31
"1469",-52,-30.5
"1470",-52,-30
"1471",-52,-29.5
"1472",-52,-29
"1473",-52,-28.5
"1474",-52,-28
"1475",-52,-27.5
"1476",-52,-27
"1477",-52,-26.5
"1478",-52,-26
"1479",-52,-25.5
"1480",-52,-25
"1481",-52,-24.5
"1482",-52,-24
"1483",-52,-23.5
"1484",-52,-23
"1485",-52,-22.5
"1486",-52,-22
"1487",-52,-21.5
"1488",-52,-21
"1489",-52,-20.5
"1490",-52,-20
"1491",-52,-19.5
"1492",-52,-19
"1493",-52,-18.5
"1494",-52,-18
"1495",-52,-17.5
"1496",-52,-17
"1497",-52,-16.5
"1498",-52,-16
"1499",-52,-15.5
"1500",-52,-15
"1501",-52,-14.5
"1502",-52,-14
"1503",-52,-13.5
"1504",-52,-13
"1505",-52,-12.5
"1506",-52,-12
"1507",-52,-11.5
"1508",-52,-11
"1509",-52,-10.5
"1510",-52,-10
"1511",-52,-9.5
"1512",-52,-9
"1513",-52,-8.5
"1514",-52,-8
"1515",-52,-7.5
"1516",-52,-7
"1517",-52,-6.5
"1518",-52,-6
"1519",-52,-5.5
"1520",-52,-5
"1521",-52,-4.5
"1522",-52,-4
"1523",-52,-3.5
"1524",-52,-3
"1525",-52,-2.5
"1526",-52,-2
"1527",-52,-1.5
"1528",-52,-1
"1529",-52,-0.5
"1530",-52,0
"1531",-52,0.5
"1532",-52,1
"1533",-52,1.5
"1534",-52,2
"1535",-52,2.5
"1536",-52,3
"1537",-52,3.5
"1538",-51.5,-31
"1539",-51.5,-30.5
"1540",-51.5,-30
"1541",-51.5,-29.5
"1542",-51.5,-29
"1543",-51.5,-28.5
"1544",-51.5,-28
"1545",-51.5,-27.5
"1546",-51.5,-27
"1547",-51.5,-26.5
"1548",-51.5,-26
"1549",-51.5,-25.5
"1550",-51.5,-25
"1551",-51.5,-24.5
"1552",-51.5,-24
"1553",-51.5,-23.5
"1554",-51.5,-23
"1555",-51.5,-22.5
"1556",-51.5,-22
"1557",-51.5,-21.5
"1558",-51.5,-21
"1559",-51.5,-20.5
"1560",-51.5,-20
"1561",-51.5,-19.5
"1562",-51.5,-19
"1563",-51.5,-18.5
"1564",-51.5,-18
"1565",-51.5,-17.5
"1566",-51.5,-17
"1567",-51.5,-16.5
"1568",-51.5,-16
"1569",-51.5,-15.5
"1570",-51.5,-15
"1571",-51.5,-14.5
"1572",-51.5,-14
"1573",-51.5,-13.5
"1574",-51.5,-13
"1575",-51.5,-12.5
"1576",-51.5,-12
"1577",-51.5,-11.5
"1578",-51.5,-11
"1579",-51.5,-10.5
"1580",-51.5,-10
"1581",-51.5,-9.5
"1582",-51.5,-9
"1583",-51.5,-8.5
"1584",-51.5,-8
"1585",-51.5,-7.5
"1586",-51.5,-7
"1587",-51.5,-6.5
"1588",-51.5,-6
"1589",-51.5,-5.5
"1590",-51.5,-5
"1591",-51.5,-4.5
"1592",-51.5,-4
"1593",-51.5,-3.5
"1594",-51.5,-3
"1595",-51.5,-2.5
"1596",-51.5,-2
"1597",-51.5,-1.5
"1598",-51.5,-1
"1599",-51.5,-0.5
"1600",-51.5,0
"1601",-51.5,0.5
"1602",-51.5,1
"1603",-51.5,1.5
"1604",-51.5,2
"1605",-51.5,2.5
"1606",-51.5,3
"1607",-51.5,3.5
"1608",-51.5,4
"1609",-51,-30
"1610",-51,-29.5
"1611",-51,-29
"1612",-51,-28.5
"1613",-51,-28
"1614",-51,-27.5
"1615",-51,-27
"1616",-51,-26.5
"1617",-51,-26
"1618",-51,-25.5
"1619",-51,-25
"1620",-51,-24.5
"1621",-51,-24
"1622",-51,-23.5
"1623",-51,-23
"1624",-51,-22.5
"1625",-51,-22
"1626",-51,-21.5
"1627",-51,-21
"1628",-51,-20.5
"1629",-51,-20
"1630",-51,-19.5
"1631",-51,-19
"1632",-51,-18.5
"1633",-51,-18
"1634",-51,-17.5
"1635",-51,-17
"1636",-51,-16.5
"1637",-51,-16
"1638",-51,-15.5
"1639",-51,-15
"1640",-51,-14.5
"1641",-51,-14
"1642",-51,-13.5
"1643",-51,-13
"1644",-51,-12.5
"1645",-51,-12
"1646",-51,-11.5
"1647",-51,-11
"1648",-51,-10.5
"1649",-51,-10
"1650",-51,-9.5
"1651",-51,-9
"1652",-51,-8.5
"1653",-51,-8
"1654",-51,-7.5
"1655",-51,-7
"1656",-51,-6.5
"1657",-51,-6
"1658",-51,-5.5
"1659",-51,-5
"1660",-51,-4.5
"1661",-51,-4
"1662",-51,-3.5
"1663",-51,-3
"1664",-51,-2.5
"1665",-51,-2
"1666",-51,-1.5
"1667",-51,-1
"1668",-51,-0.5
"1669",-51,0
"1670",-51,0.5
"1671",-51,1
"1672",-51,1.5
"1673",-51,2
"1674",-51,2.5
"1675",-51,3
"1676",-50.5,-30.5
"1677",-50.5,-30
"1678",-50.5,-29.5
"1679",-50.5,-29
"1680",-50.5,-28.5
"1681",-50.5,-28
"1682",-50.5,-27.5
"1683",-50.5,-27
"1684",-50.5,-26.5
"1685",-50.5,-26
"1686",-50.5,-25.5
"1687",-50.5,-25
"1688",-50.5,-24.5
"1689",-50.5,-24
"1690",-50.5,-23.5
"1691",-50.5,-23
"1692",-50.5,-22.5
"1693",-50.5,-22
"1694",-50.5,-21.5
"1695",-50.5,-21
"1696",-50.5,-20.5
"1697",-50.5,-20
"1698",-50.5,-19.5
"1699",-50.5,-19
"1700",-50.5,-18.5
"1701",-50.5,-18
"1702",-50.5,-17.5
"1703",-50.5,-17
"1704",-50.5,-16.5
"1705",-50.5,-16
"1706",-50.5,-15.5
"1707",-50.5,-15
"1708",-50.5,-14.5
"1709",-50.5,-14
"1710",-50.5,-13.5
"1711",-50.5,-13
"1712",-50.5,-12.5
"1713",-50.5,-12
"1714",-50.5,-11.5
"1715",-50.5,-11
"1716",-50.5,-10.5
"1717",-50.5,-10
"1718",-50.5,-9.5
"1719",-50.5,-9
"1720",-50.5,-8.5
"1721",-50.5,-8
"1722",-50.5,-7.5
"1723",-50.5,-7
"1724",-50.5,-6.5
"1725",-50.5,-6
"1726",-50.5,-5.5
"1727",-50.5,-5
"1728",-50.5,-4.5
"1729",-50.5,-4
"1730",-50.5,-3.5
"1731",-50.5,-3
"1732",-50.5,-2.5
"1733",-50.5,-2
"1734",-50.5,-1.5
"1735",-50.5,-1
"1736",-50.5,-0.5
"1737",-50.5,0
"1738",-50.5,0.5
"1739",-50.5,1
"1740",-50.5,1.5
"1741",-50.5,2
"1742",-50,-29.5
"1743",-50,-29
"1744",-50,-28.5
"1745",-50,-28
"1746",-50,-27.5
"1747",-50,-27
"1748",-50,-26.5
"1749",-50,-26
"1750",-50,-25.5
"1751",-50,-25
"1752",-50,-24.5
"1753",-50,-24
"1754",-50,-23.5
"1755",-50,-23
"1756",-50,-22.5
"1757",-50,-22
"1758",-50,-21.5
"1759",-50,-21
"1760",-50,-20.5
"1761",-50,-20
"1762",-50,-19.5
"1763",-50,-19
"1764",-50,-18.5
"1765",-50,-18
"1766",-50,-17.5
"1767",-50,-17
"1768",-50,-16.5
"1769",-50,-16
"1770",-50,-15.5
"1771",-50,-15
"1772",-50,-14.5
"1773",-50,-14
"1774",-50,-13.5
"1775",-50,-13
"1776",-50,-12.5
"1777",-50,-12
"1778",-50,-11.5
"1779",-50,-11
"1780",-50,-10.5
"1781",-50,-10
"1782",-50,-9.5
"1783",-50,-9
"1784",-50,-8.5
"1785",-50,-8
"1786",-50,-7.5
"1787",-50,-7
"1788",-50,-6.5
"1789",-50,-6
"1790",-50,-5.5
"1791",-50,-5
"1792",-50,-4.5
"1793",-50,-4
"1794",-50,-3.5
"1795",-50,-3
"1796",-50,-2.5
"1797",-50,-2
"1798",-50,-1.5
"1799",-50,-1
"1800",-50,-0.5
"1801",-50,0
"1802",-50,1
"1803",-50,1.5
"1804",-49.5,-29
"1805",-49.5,-28.5
"1806",-49.5,-28
"1807",-49.5,-27.5
"1808",-49.5,-27
"1809",-49.5,-26.5
"1810",-49.5,-26
"1811",-49.5,-25.5
"1812",-49.5,-25
"1813",-49.5,-24.5
"1814",-49.5,-24
"1815",-49.5,-23.5
"1816",-49.5,-23
"1817",-49.5,-22.5
"1818",-49.5,-22
"1819",-49.5,-21.5
"1820",-49.5,-21
"1821",-49.5,-20.5
"1822",-49.5,-20
"1823",-49.5,-19.5
"1824",-49.5,-19
"1825",-49.5,-18.5
"1826",-49.5,-18
"1827",-49.5,-17.5
"1828",-49.5,-17
"1829",-49.5,-16.5
"1830",-49.5,-16
"1831",-49.5,-15.5
"1832",-49.5,-15
"1833",-49.5,-14.5
"1834",-49.5,-14
"1835",-49.5,-13.5
"1836",-49.5,-13
"1837",-49.5,-12.5
"1838",-49.5,-12
"1839",-49.5,-11.5
"1840",-49.5,-11
"1841",-49.5,-10.5
"1842",-49.5,-10
"1843",-49.5,-9.5
"1844",-49.5,-9
"1845",-49.5,-8.5
"1846",-49.5,-8
"1847",-49.5,-7.5
"1848",-49.5,-7
"1849",-49.5,-6.5
"1850",-49.5,-6
"1851",-49.5,-5.5
"1852",-49.5,-5
"1853",-49.5,-4.5
"1854",-49.5,-4
"1855",-49.5,-3.5
"1856",-49.5,-3
"1857",-49.5,-2.5
"1858",-49.5,-2
"1859",-49.5,-1.5
"1860",-49.5,-1
"1861",-49.5,-0.5
"1862",-49.5,0
"1863",-49,-28.5
"1864",-49,-28
"1865",-49,-27.5
"1866",-49,-27
"1867",-49,-26.5
"1868",-49,-26
"1869",-49,-25.5
"1870",-49,-25
"1871",-49,-24.5
"1872",-49,-24
"1873",-49,-23.5
"1874",-49,-23
"1875",-49,-22.5
"1876",-49,-22
"1877",-49,-21.5
"1878",-49,-21
"1879",-49,-20.5
"1880",-49,-20
"1881",-49,-19.5
"1882",-49,-19
"1883",-49,-18.5
"1884",-49,-18
"1885",-49,-17.5
"1886",-49,-17
"1887",-49,-16.5
"1888",-49,-16
"1889",-49,-15.5
"1890",-49,-15
"1891",-49,-14.5
"1892",-49,-14
"1893",-49,-13.5
"1894",-49,-13
"1895",-49,-12.5
"1896",-49,-12
"1897",-49,-11.5
"1898",-49,-11
"1899",-49,-10.5
"1900",-49,-10
"1901",-49,-9.5
"1902",-49,-9
"1903",-49,-8.5
"1904",-49,-8
"1905",-49,-7.5
"1906",-49,-7
"1907",-49,-6.5
"1908",-49,-6
"1909",-49,-5.5
"1910",-49,-5
"1911",-49,-4.5
"1912",-49,-4
"1913",-49,-3.5
"1914",-49,-3
"1915",-49,-2.5
"1916",-49,-2
"1917",-49,-1.5
"1918",-49,-1
"1919",-49,-0.5
"1920",-49,1
"1921",-48.5,-28
"1922",-48.5,-26.5
"1923",-48.5,-25.5
"1924",-48.5,-25
"1925",-48.5,-24.5
"1926",-48.5,-24
"1927",-48.5,-23.5
"1928",-48.5,-23
"1929",-48.5,-22.5
"1930",-48.5,-22
"1931",-48.5,-21.5
"1932",-48.5,-21
"1933",-48.5,-20.5
"1934",-48.5,-20
"1935",-48.5,-19.5
"1936",-48.5,-19
"1937",-48.5,-18.5
"1938",-48.5,-18
"1939",-48.5,-17.5
"1940",-48.5,-17
"1941",-48.5,-16.5
"1942",-48.5,-16
"1943",-48.5,-15.5
"1944",-48.5,-15
"1945",-48.5,-14.5
"1946",-48.5,-14
"1947",-48.5,-13.5
"1948",-48.5,-13
"1949",-48.5,-12.5
"1950",-48.5,-12
"1951",-48.5,-11.5
"1952",-48.5,-11
"1953",-48.5,-10.5
"1954",-48.5,-10
"1955",-48.5,-9.5
"1956",-48.5,-9
"1957",-48.5,-8.5
"1958",-48.5,-8
"1959",-48.5,-7.5
"1960",-48.5,-7
"1961",-48.5,-6.5
"1962",-48.5,-6
"1963",-48.5,-5.5
"1964",-48.5,-5
"1965",-48.5,-4.5
"1966",-48.5,-4
"1967",-48.5,-3.5
"1968",-48.5,-3
"1969",-48.5,-2.5
"1970",-48.5,-2
"1971",-48.5,-1.5
"1972",-48.5,-1
"1973",-48.5,-0.5
"1974",-48.5,0.5
"1975",-48,-27.5
"1976",-48,-26
"1977",-48,-25.5
"1978",-48,-25
"1979",-48,-24.5
"1980",-48,-24
"1981",-48,-23.5
"1982",-48,-23
"1983",-48,-22.5
"1984",-48,-22
"1985",-48,-21.5
"1986",-48,-21
"1987",-48,-20.5
"1988",-48,-20
"1989",-48,-19.5
"1990",-48,-19
"1991",-48,-18.5
"1992",-48,-18
"1993",-48,-17.5
"1994",-48,-17
"1995",-48,-16.5
"1996",-48,-16
"1997",-48,-15.5
"1998",-48,-15
"1999",-48,-14.5
"2000",-48,-14
"2001",-48,-13.5
"2002",-48,-13
"2003",-48,-12.5
"2004",-48,-12
"2005",-48,-11.5
"2006",-48,-11
"2007",-48,-10.5
"2008",-48,-10
"2009",-48,-9.5
"2010",-48,-9
"2011",-48,-8.5
"2012",-48,-8
"2013",-48,-7.5
"2014",-48,-7
"2015",-48,-6.5
"2016",-48,-6
"2017",-48,-5.5
"2018",-48,-5
"2019",-48,-4.5
"2020",-48,-4
"2021",-48,-3.5
"2022",-48,-3
"2023",-48,-2.5
"2024",-48,-2
"2025",-48,-1.5
"2026",-48,-1
"2027",-48,0
"2028",-47.5,-27
"2029",-47.5,-26
"2030",-47.5,-25.5
"2031",-47.5,-25
"2032",-47.5,-24.5
"2033",-47.5,-24
"2034",-47.5,-23.5
"2035",-47.5,-23
"2036",-47.5,-22.5
"2037",-47.5,-22
"2038",-47.5,-21.5
"2039",-47.5,-21
"2040",-47.5,-20.5
"2041",-47.5,-20
"2042",-47.5,-19.5
"2043",-47.5,-19
"2044",-47.5,-18.5
"2045",-47.5,-18
"2046",-47.5,-17.5
"2047",-47.5,-17
"2048",-47.5,-16.5
"2049",-47.5,-16
"2050",-47.5,-15.5
"2051",-47.5,-15
"2052",-47.5,-14.5
"2053",-47.5,-14
"2054",-47.5,-13.5
"2055",-47.5,-13
"2056",-47.5,-12.5
"2057",-47.5,-12
"2058",-47.5,-11.5
"2059",-47.5,-11
"2060",-47.5,-10.5
"2061",-47.5,-10
"2062",-47.5,-9.5
"2063",-47.5,-9
"2064",-47.5,-8.5
"2065",-47.5,-8
"2066",-47.5,-7.5
"2067",-47.5,-7
"2068",-47.5,-6.5
"2069",-47.5,-6
"2070",-47.5,-5.5
"2071",-47.5,-5
"2072",-47.5,-4.5
"2073",-47.5,-4
"2074",-47.5,-3.5
"2075",-47.5,-3
"2076",-47.5,-2.5
"2077",-47.5,-2
"2078",-47.5,-1.5
"2079",-47.5,-1
"2080",-47.5,-0.5
"2081",-47,-26.5
"2082",-47,-25.5
"2083",-47,-25
"2084",-47,-24.5
"2085",-47,-24
"2086",-47,-23.5
"2087",-47,-23
"2088",-47,-22.5
"2089",-47,-22
"2090",-47,-21.5
"2091",-47,-21
"2092",-47,-20.5
"2093",-47,-20
"2094",-47,-19.5
"2095",-47,-19
"2096",-47,-18.5
"2097",-47,-18
"2098",-47,-17.5
"2099",-47,-17
"2100",-47,-16.5
"2101",-47,-16
"2102",-47,-15.5
"2103",-47,-15
"2104",-47,-14.5
"2105",-47,-14
"2106",-47,-13.5
"2107",-47,-13
"2108",-47,-12.5
"2109",-47,-12
"2110",-47,-11.5
"2111",-47,-11
"2112",-47,-10.5
"2113",-47,-10
"2114",-47,-9.5
"2115",-47,-9
"2116",-47,-8.5
"2117",-47,-8
"2118",-47,-7.5
"2119",-47,-7
"2120",-47,-6.5
"2121",-47,-6
"2122",-47,-5.5
"2123",-47,-5
"2124",-47,-4.5
"2125",-47,-4
"2126",-47,-3.5
"2127",-47,-3
"2128",-47,-2.5
"2129",-47,-2
"2130",-47,-1.5
"2131",-47,-1
"2132",-47,-0.5
"2133",-46.5,-26
"2134",-46.5,-25
"2135",-46.5,-24.5
"2136",-46.5,-24
"2137",-46.5,-23.5
"2138",-46.5,-23
"2139",-46.5,-22.5
"2140",-46.5,-22
"2141",-46.5,-21.5
"2142",-46.5,-21
"2143",-46.5,-20.5
"2144",-46.5,-20
"2145",-46.5,-19.5
"2146",-46.5,-19
"2147",-46.5,-18.5
"2148",-46.5,-18
"2149",-46.5,-17.5
"2150",-46.5,-17
"2151",-46.5,-16.5
"2152",-46.5,-16
"2153",-46.5,-15.5
"2154",-46.5,-15
"2155",-46.5,-14.5
"2156",-46.5,-14
"2157",-46.5,-13.5
"2158",-46.5,-13
"2159",-46.5,-12.5
"2160",-46.5,-12
"2161",-46.5,-11.5
"2162",-46.5,-11
"2163",-46.5,-10.5
"2164",-46.5,-10
"2165",-46.5,-9.5
"2166",-46.5,-9
"2167",-46.5,-8.5
"2168",-46.5,-8
"2169",-46.5,-7.5
"2170",-46.5,-7
"2171",-46.5,-6.5
"2172",-46.5,-6
"2173",-46.5,-5.5
"2174",-46.5,-5
"2175",-46.5,-4.5
"2176",-46.5,-4
"2177",-46.5,-3.5
"2178",-46.5,-3
"2179",-46.5,-2.5
"2180",-46.5,-2
"2181",-46.5,-1.5
"2182",-46.5,-1
"2183",-46,-25.5
"2184",-46,-24.5
"2185",-46,-24
"2186",-46,-23.5
"2187",-46,-23
"2188",-46,-22.5
"2189",-46,-22
"2190",-46,-21.5
"2191",-46,-21
"2192",-46,-20.5
"2193",-46,-20
"2194",-46,-19.5
"2195",-46,-19
"2196",-46,-18.5
"2197",-46,-18
"2198",-46,-17.5
"2199",-46,-17
"2200",-46,-16.5
"2201",-46,-16
"2202",-46,-15.5
"2203",-46,-15
"2204",-46,-14.5
"2205",-46,-14
"2206",-46,-13.5
"2207",-46,-13
"2208",-46,-12.5
"2209",-46,-12
"2210",-46,-11.5
"2211",-46,-11
"2212",-46,-10.5
"2213",-46,-10
"2214",-46,-9.5
"2215",-46,-9
"2216",-46,-8.5
"2217",-46,-8
"2218",-46,-7.5
"2219",-46,-7
"2220",-46,-6.5
"2221",-46,-6
"2222",-46,-5.5
"2223",-46,-5
"2224",-46,-4.5
"2225",-46,-4
"2226",-46,-3.5
"2227",-46,-3
"2228",-46,-2.5
"2229",-46,-2
"2230",-46,-1.5
"2231",-45.5,-25
"2232",-45.5,-24
"2233",-45.5,-23.5
"2234",-45.5,-23
"2235",-45.5,-22.5
"2236",-45.5,-22
"2237",-45.5,-21.5
"2238",-45.5,-21
"2239",-45.5,-20.5
"2240",-45.5,-20
"2241",-45.5,-19.5
"2242",-45.5,-19
"2243",-45.5,-18.5
"2244",-45.5,-18
"2245",-45.5,-17.5
"2246",-45.5,-17
"2247",-45.5,-16.5
"2248",-45.5,-16
"2249",-45.5,-15.5
"2250",-45.5,-15
"2251",-45.5,-14.5
"2252",-45.5,-14
"2253",-45.5,-13.5
"2254",-45.5,-13
"2255",-45.5,-12.5
"2256",-45.5,-12
"2257",-45.5,-11.5
"2258",-45.5,-11
"2259",-45.5,-10.5
"2260",-45.5,-10
"2261",-45.5,-9.5
"2262",-45.5,-9
"2263",-45.5,-8.5
"2264",-45.5,-8
"2265",-45.5,-7.5
"2266",-45.5,-7
"2267",-45.5,-6.5
"2268",-45.5,-6
"2269",-45.5,-5.5
"2270",-45.5,-5
"2271",-45.5,-4.5
"2272",-45.5,-4
"2273",-45.5,-3.5
"2274",-45.5,-3
"2275",-45.5,-2.5
"2276",-45.5,-2
"2277",-45.5,-1.5
"2278",-45,-23.5
"2279",-45,-23
"2280",-45,-22.5
"2281",-45,-22
"2282",-45,-21.5
"2283",-45,-21
"2284",-45,-20.5
"2285",-45,-20
"2286",-45,-19.5
"2287",-45,-19
"2288",-45,-18.5
"2289",-45,-18
"2290",-45,-17.5
"2291",-45,-17
"2292",-45,-16.5
"2293",-45,-16
"2294",-45,-15.5
"2295",-45,-15
"2296",-45,-14.5
"2297",-45,-14
"2298",-45,-13.5
"2299",-45,-13
"2300",-45,-12.5
"2301",-45,-12
"2302",-45,-11.5
"2303",-45,-11
"2304",-45,-10.5
"2305",-45,-10
"2306",-45,-9.5
"2307",-45,-9
"2308",-45,-8.5
"2309",-45,-8
"2310",-45,-7.5
"2311",-45,-7
"2312",-45,-6.5
"2313",-45,-6
"2314",-45,-5.5
"2315",-45,-5
"2316",-45,-4.5
"2317",-45,-4
"2318",-45,-3.5
"2319",-45,-3
"2320",-45,-2.5
"2321",-45,-2
"2322",-44.5,-23
"2323",-44.5,-22.5
"2324",-44.5,-22
"2325",-44.5,-21.5
"2326",-44.5,-21
"2327",-44.5,-20.5
"2328",-44.5,-20
"2329",-44.5,-19.5
"2330",-44.5,-19
"2331",-44.5,-18.5
"2332",-44.5,-18
"2333",-44.5,-17.5
"2334",-44.5,-17
"2335",-44.5,-16.5
"2336",-44.5,-16
"2337",-44.5,-15.5
"2338",-44.5,-15
"2339",-44.5,-14.5
"2340",-44.5,-14
"2341",-44.5,-13.5
"2342",-44.5,-13
"2343",-44.5,-12.5
"2344",-44.5,-12
"2345",-44.5,-11.5
"2346",-44.5,-11
"2347",-44.5,-10.5
"2348",-44.5,-10
"2349",-44.5,-9.5
"2350",-44.5,-9
"2351",-44.5,-8.5
"2352",-44.5,-8
"2353",-44.5,-7.5
"2354",-44.5,-7
"2355",-44.5,-6.5
"2356",-44.5,-6
"2357",-44.5,-5.5
"2358",-44.5,-5
"2359",-44.5,-4.5
"2360",-44.5,-4
"2361",-44.5,-3.5
"2362",-44.5,-3
"2363",-44.5,-2.5
"2364",-44,-24
"2365",-44,-23
"2366",-44,-22.5
"2367",-44,-22
"2368",-44,-21.5
"2369",-44,-21
"2370",-44,-20.5
"2371",-44,-20
"2372",-44,-19.5
"2373",-44,-19
"2374",-44,-18.5
"2375",-44,-18
"2376",-44,-17.5
"2377",-44,-17
"2378",-44,-16.5
"2379",-44,-16
"2380",-44,-15.5
"2381",-44,-15
"2382",-44,-14.5
"2383",-44,-14
"2384",-44,-13.5
"2385",-44,-13
"2386",-44,-12.5
"2387",-44,-12
"2388",-44,-11.5
"2389",-44,-11
"2390",-44,-10.5
"2391",-44,-10
"2392",-44,-9.5
"2393",-44,-9
"2394",-44,-8.5
"2395",-44,-8
"2396",-44,-7.5
"2397",-44,-7
"2398",-44,-6.5
"2399",-44,-6
"2400",-44,-5.5
"2401",-44,-5
"2402",-44,-4.5
"2403",-44,-4
"2404",-44,-3.5
"2405",-44,-3
"2406",-44,-2.5
"2407",-44,-2
"2408",-43.5,-23.5
"2409",-43.5,-23
"2410",-43.5,-22.5
"2411",-43.5,-22
"2412",-43.5,-21.5
"2413",-43.5,-21
"2414",-43.5,-20.5
"2415",-43.5,-20
"2416",-43.5,-19.5
"2417",-43.5,-19
"2418",-43.5,-18.5
"2419",-43.5,-18
"2420",-43.5,-17.5
"2421",-43.5,-17
"2422",-43.5,-16.5
"2423",-43.5,-16
"2424",-43.5,-15.5
"2425",-43.5,-15
"2426",-43.5,-14.5
"2427",-43.5,-14
"2428",-43.5,-13.5
"2429",-43.5,-13
"2430",-43.5,-12.5
"2431",-43.5,-12
"2432",-43.5,-11.5
"2433",-43.5,-11
"2434",-43.5,-10.5
"2435",-43.5,-10
"2436",-43.5,-9.5
"2437",-43.5,-9
"2438",-43.5,-8.5
"2439",-43.5,-8
"2440",-43.5,-7.5
"2441",-43.5,-7
"2442",-43.5,-6.5
"2443",-43.5,-6
"2444",-43.5,-5.5
"2445",-43.5,-5
"2446",-43.5,-4.5
"2447",-43.5,-4
"2448",-43.5,-3
"2449",-43.5,-2.5
"2450",-43,-23.5
"2451",-43,-23
"2452",-43,-22.5
"2453",-43,-22
"2454",-43,-21.5
"2455",-43,-21
"2456",-43,-20.5
"2457",-43,-20
"2458",-43,-19.5
"2459",-43,-19
"2460",-43,-18.5
"2461",-43,-18
"2462",-43,-17.5
"2463",-43,-17
"2464",-43,-16.5
"2465",-43,-16
"2466",-43,-15.5
"2467",-43,-15
"2468",-43,-14.5
"2469",-43,-14
"2470",-43,-13.5
"2471",-43,-13
"2472",-43,-12.5
"2473",-43,-12
"2474",-43,-11.5
"2475",-43,-11
"2476",-43,-10.5
"2477",-43,-10
"2478",-43,-9.5
"2479",-43,-9
"2480",-43,-8.5
"2481",-43,-8
"2482",-43,-7.5
"2483",-43,-7
"2484",-43,-6.5
"2485",-43,-6
"2486",-43,-5.5
"2487",-43,-5
"2488",-43,-4.5
"2489",-43,-3.5
"2490",-43,-3
"2491",-43,-2.5
"2492",-42.5,-23
"2493",-42.5,-21.5
"2494",-42.5,-21
"2495",-42.5,-20.5
"2496",-42.5,-20
"2497",-42.5,-19.5
"2498",-42.5,-19
"2499",-42.5,-18.5
"2500",-42.5,-18
"2501",-42.5,-17.5
"2502",-42.5,-17
"2503",-42.5,-16.5
"2504",-42.5,-16
"2505",-42.5,-15.5
"2506",-42.5,-15
"2507",-42.5,-14.5
"2508",-42.5,-14
"2509",-42.5,-13.5
"2510",-42.5,-13
"2511",-42.5,-12.5
"2512",-42.5,-12
"2513",-42.5,-11.5
"2514",-42.5,-11
"2515",-42.5,-10.5
"2516",-42.5,-10
"2517",-42.5,-9.5
"2518",-42.5,-9
"2519",-42.5,-8.5
"2520",-42.5,-8
"2521",-42.5,-7.5
"2522",-42.5,-7
"2523",-42.5,-6.5
"2524",-42.5,-6
"2525",-42.5,-5.5
"2526",-42.5,-5
"2527",-42.5,-4.5
"2528",-42.5,-4
"2529",-42.5,-3.5
"2530",-42.5,-3
"2531",-42,-23
"2532",-42,-22.5
"2533",-42,-21.5
"2534",-42,-21
"2535",-42,-20.5
"2536",-42,-20
"2537",-42,-19.5
"2538",-42,-19
"2539",-42,-18.5
"2540",-42,-18
"2541",-42,-17.5
"2542",-42,-17
"2543",-42,-16.5
"2544",-42,-16
"2545",-42,-15.5
"2546",-42,-15
"2547",-42,-14.5
"2548",-42,-14
"2549",-42,-13.5
"2550",-42,-13
"2551",-42,-12.5
"2552",-42,-12
"2553",-42,-11.5
"2554",-42,-11
"2555",-42,-10.5
"2556",-42,-10
"2557",-42,-9.5
"2558",-42,-9
"2559",-42,-8.5
"2560",-42,-8
"2561",-42,-7.5
"2562",-42,-7
"2563",-42,-6.5
"2564",-42,-6
"2565",-42,-5.5
"2566",-42,-5
"2567",-42,-4.5
"2568",-42,-4
"2569",-42,-3.5
"2570",-42,-3
"2571",-41.5,-21.5
"2572",-41.5,-21
"2573",-41.5,-20.5
"2574",-41.5,-20
"2575",-41.5,-19.5
"2576",-41.5,-19
"2577",-41.5,-18.5
"2578",-41.5,-18
"2579",-41.5,-17.5
"2580",-41.5,-17
"2581",-41.5,-16.5
"2582",-41.5,-16
"2583",-41.5,-15.5
"2584",-41.5,-15
"2585",-41.5,-14.5
"2586",-41.5,-14
"2587",-41.5,-13.5
"2588",-41.5,-13
"2589",-41.5,-12.5
"2590",-41.5,-12
"2591",-41.5,-11.5
"2592",-41.5,-11
"2593",-41.5,-10.5
"2594",-41.5,-10
"2595",-41.5,-9.5
"2596",-41.5,-9
"2597",-41.5,-8.5
"2598",-41.5,-8
"2599",-41.5,-7.5
"2600",-41.5,-7
"2601",-41.5,-6.5
"2602",-41.5,-5.5
"2603",-41.5,-5
"2604",-41.5,-4.5
"2605",-41.5,-4
"2606",-41.5,-3.5
"2607",-41.5,-3
"2608",-41,-22
"2609",-41,-21
"2610",-41,-20.5
"2611",-41,-20
"2612",-41,-19.5
"2613",-41,-19
"2614",-41,-18.5
"2615",-41,-18
"2616",-41,-17.5
"2617",-41,-17
"2618",-41,-16.5
"2619",-41,-16
"2620",-41,-15.5
"2621",-41,-15
"2622",-41,-14.5
"2623",-41,-14
"2624",-41,-13.5
"2625",-41,-13
"2626",-41,-12.5
"2627",-41,-12
"2628",-41,-11.5
"2629",-41,-11
"2630",-41,-10.5
"2631",-41,-10
"2632",-41,-9.5
"2633",-41,-9
"2634",-41,-8.5
"2635",-41,-8
"2636",-41,-7.5
"2637",-41,-7
"2638",-41,-6.5
"2639",-41,-6
"2640",-41,-5.5
"2641",-41,-5
"2642",-41,-4.5
"2643",-41,-4
"2644",-41,-3.5
"2645",-41,-3
"2646",-40.5,-20.5
"2647",-40.5,-20
"2648",-40.5,-19.5
"2649",-40.5,-19
"2650",-40.5,-18.5
"2651",-40.5,-18
"2652",-40.5,-17.5
"2653",-40.5,-17
"2654",-40.5,-16.5
"2655",-40.5,-16
"2656",-40.5,-15.5
"2657",-40.5,-15
"2658",-40.5,-14.5
"2659",-40.5,-14
"2660",-40.5,-13.5
"2661",-40.5,-13
"2662",-40.5,-12.5
"2663",-40.5,-12
"2664",-40.5,-11.5
"2665",-40.5,-11
"2666",-40.5,-10.5
"2667",-40.5,-10
"2668",-40.5,-9.5
"2669",-40.5,-9
"2670",-40.5,-8.5
"2671",-40.5,-8
"2672",-40.5,-7.5
"2673",-40.5,-7
"2674",-40.5,-6.5
"2675",-40.5,-6
"2676",-40.5,-5.5
"2677",-40.5,-5
"2678",-40.5,-4.5
"2679",-40.5,-4
"2680",-40.5,-3.5
"2681",-40.5,-3
"2682",-40,-19.5
"2683",-40,-19
"2684",-40,-18.5
"2685",-40,-18
"2686",-40,-17.5
"2687",-40,-17
"2688",-40,-16.5
"2689",-40,-16
"2690",-40,-15.5
"2691",-40,-15
"2692",-40,-14.5
"2693",-40,-14
"2694",-40,-13.5
"2695",-40,-13
"2696",-40,-12.5
"2697",-40,-12
"2698",-40,-11.5
"2699",-40,-11
"2700",-40,-10.5
"2701",-40,-10
"2702",-40,-9.5
"2703",-40,-9
"2704",-40,-8.5
"2705",-40,-7.5
"2706",-40,-7
"2707",-40,-6.5
"2708",-40,-6
"2709",-40,-5.5
"2710",-40,-5
"2711",-40,-4.5
"2712",-40,-4
"2713",-40,-3.5
"2714",-40,-3
"2715",-39.5,-18
"2716",-39.5,-17.5
"2717",-39.5,-17
"2718",-39.5,-16.5
"2719",-39.5,-16
"2720",-39.5,-15.5
"2721",-39.5,-15
"2722",-39.5,-14.5
"2723",-39.5,-14
"2724",-39.5,-13.5
"2725",-39.5,-13
"2726",-39.5,-12.5
"2727",-39.5,-12
"2728",-39.5,-11.5
"2729",-39.5,-11
"2730",-39.5,-10.5
"2731",-39.5,-10
"2732",-39.5,-9.5
"2733",-39.5,-9
"2734",-39.5,-8.5
"2735",-39.5,-8
"2736",-39.5,-7.5
"2737",-39.5,-7
"2738",-39.5,-6.5
"2739",-39.5,-6
"2740",-39.5,-5.5
"2741",-39.5,-5
"2742",-39.5,-4.5
"2743",-39.5,-4
"2744",-39.5,-3.5
"2745",-39,-16
"2746",-39,-15.5
"2747",-39,-15
"2748",-39,-14.5
"2749",-39,-14
"2750",-39,-13.5
"2751",-39,-13
"2752",-39,-12.5
"2753",-39,-12
"2754",-39,-11.5
"2755",-39,-11
"2756",-39,-10.5
"2757",-39,-10
"2758",-39,-9.5
"2759",-39,-9
"2760",-39,-8.5
"2761",-39,-8
"2762",-39,-7.5
"2763",-39,-7
"2764",-39,-6.5
"2765",-39,-6
"2766",-39,-5.5
"2767",-39,-5
"2768",-39,-4.5
"2769",-39,-4
"2770",-39,-3.5
"2771",-38.5,-14
"2772",-38.5,-13.5
"2773",-38.5,-13
"2774",-38.5,-12.5
"2775",-38.5,-12
"2776",-38.5,-11.5
"2777",-38.5,-11
"2778",-38.5,-10.5
"2779",-38.5,-10
"2780",-38.5,-9.5
"2781",-38.5,-9
"2782",-38.5,-8.5
"2783",-38.5,-8
"2784",-38.5,-7.5
"2785",-38.5,-7
"2786",-38.5,-6.5
"2787",-38.5,-6
"2788",-38.5,-5.5
"2789",-38.5,-5
"2790",-38.5,-4.5
"2791",-38.5,-4
"2792",-38,-13
"2793",-38,-12.5
"2794",-38,-12
"2795",-38,-11.5
"2796",-38,-11
"2797",-38,-10.5
"2798",-38,-10
"2799",-38,-9.5
"2800",-38,-9
"2801",-38,-8.5
"2802",-38,-8
"2803",-38,-7.5
"2804",-38,-7
"2805",-38,-6.5
"2806",-38,-6
"2807",-38,-5.5
"2808",-38,-5
"2809",-38,-4.5
"2810",-37.5,-12
"2811",-37.5,-11.5
"2812",-37.5,-11
"2813",-37.5,-10.5
"2814",-37.5,-10
"2815",-37.5,-9.5
"2816",-37.5,-9
"2817",-37.5,-8.5
"2818",-37.5,-8
"2819",-37.5,-7.5
"2820",-37.5,-7
"2821",-37.5,-6.5
"2822",-37.5,-6
"2823",-37.5,-5.5
"2824",-37.5,-5
"2825",-37,-11
"2826",-37,-10.5
"2827",-37,-10
"2828",-37,-9.5
"2829",-37,-9
"2830",-37,-8.5
"2831",-37,-8
"2832",-37,-7.5
"2833",-37,-7
"2834",-37,-6.5
"2835",-37,-6
"2836",-37,-5.5
"2837",-37,-5
"2838",-36.5,-10.5
"2839",-36.5,-10
"2840",-36.5,-9.5
"2841",-36.5,-9
"2842",-36.5,-8.5
"2843",-36.5,-8
"2844",-36.5,-7.5
"2845",-36.5,-7
"2846",-36.5,-6.5
"2847",-36.5,-6
"2848",-36.5,-5.5
"2849",-36,-9.5
"2850",-36,-9
"2851",-36,-8.5
"2852",-36,-8
"2853",-36,-7.5
"2854",-36,-7
"2855",-36,-6.5
"2856",-36,-6
"2857",-36,-5.5
"2858",-35.5,-9
"2859",-35.5,-8.5
"2860",-35.5,-8
"2861",-35.5,-7.5
"2862",-35.5,-7
"2863",-35.5,-6.5
"2864",-35.5,-6
"2865",-35.5,-5.5
"2866",-35,-8
"2867",-35,-7.5
"2868",-35,-7
"2869",-35,-6.5
